mode,threads,vars,timenative;1;1;0.495327
native;1;1;0.509625
native;1;1;0.411671
native;1;1;0.252053
native;1;1;0.412976
native;1;1;0.461892
native;1;1;0.499811
native;1;1;0.526502
native;1;1;0.376116
native;1;1;0.498481
native;1;1;0.464614
native;1;1;0.482536
native;1;1;0.453730
native;1;1;0.530778
native;1;1;0.400436
native;1;1;0.497066
native;1;1;0.476244
native;1;1;0.406074
native;1;1;0.411517
native;1;1;0.437115
cas;1;1;0.303772
cas;1;1;0.324716
cas;1;1;0.281734
cas;1;1;0.320337
cas;1;1;0.297062
cas;1;1;0.343684
cas;1;1;0.281565
cas;1;1;0.293398
cas;1;1;0.303462
cas;1;1;0.281592
cas;1;1;0.283263
cas;1;1;0.281481
cas;1;1;0.280975
cas;1;1;0.289583
cas;1;1;0.291081
cas;1;1;0.295224
cas;1;1;0.295109
cas;1;1;0.254101
cas;1;1;0.296998
cas;1;1;0.323924
helper_cas;1;1;0.409767
helper_cas;1;1;0.394289
helper_cas;1;1;0.419374
helper_cas;1;1;0.390843
helper_cas;1;1;0.374128
helper_cas;1;1;0.378277
helper_cas;1;1;0.410784
helper_cas;1;1;0.373690
helper_cas;1;1;0.404521
helper_cas;1;1;0.381114
helper_cas;1;1;0.379368
helper_cas;1;1;0.379724
helper_cas;1;1;0.392659
helper_cas;1;1;0.379115
helper_cas;1;1;0.339466
helper_cas;1;1;0.392361
helper_cas;1;1;0.391435
helper_cas;1;1;0.377897
helper_cas;1;1;0.372945
helper_cas;1;1;0.378606
native;1;2;0.418501
native;1;2;0.494321
native;1;2;0.474713
native;1;2;0.498144
native;1;2;0.417947
native;1;2;0.421938
native;1;2;0.416026
native;1;2;0.499516
native;1;2;0.337515
native;1;2;0.403465
native;1;2;0.512268
native;1;2;0.428426
native;1;2;0.446647
native;1;2;0.510954
native;1;2;0.452715
native;1;2;0.487373
native;1;2;0.449741
native;1;2;0.482217
native;1;2;0.413706
native;1;2;0.479451
cas;1;2;0.307635
cas;1;2;0.294048
cas;1;2;0.318333
cas;1;2;0.304084
cas;1;2;0.298391
cas;1;2;0.302780
cas;1;2;0.292679
cas;1;2;0.284486
cas;1;2;0.301436
cas;1;2;0.287542
cas;1;2;0.323518
cas;1;2;0.321204
cas;1;2;0.285000
cas;1;2;0.276539
cas;1;2;0.291089
cas;1;2;0.303669
cas;1;2;0.301598
cas;1;2;0.294077
cas;1;2;0.313579
cas;1;2;0.308732
helper_cas;1;2;0.415649
helper_cas;1;2;0.378461
helper_cas;1;2;0.424726
helper_cas;1;2;0.382439
helper_cas;1;2;0.403876
helper_cas;1;2;0.367630
helper_cas;1;2;0.406241
helper_cas;1;2;0.387864
helper_cas;1;2;0.378807
helper_cas;1;2;0.403095
helper_cas;1;2;0.413724
helper_cas;1;2;0.451972
helper_cas;1;2;0.389337
helper_cas;1;2;0.409970
helper_cas;1;2;0.412095
helper_cas;1;2;0.374148
helper_cas;1;2;0.385713
helper_cas;1;2;0.387411
helper_cas;1;2;0.373589
helper_cas;1;2;0.404587
native;1;4;0.410207
native;1;4;0.554833
native;1;4;0.460545
native;1;4;0.399614
native;1;4;0.494845
native;1;4;0.397132
native;1;4;0.491755
native;1;4;0.535276
native;1;4;0.458690
native;1;4;0.481301
native;1;4;0.452488
native;1;4;0.402392
native;1;4;0.457550
native;1;4;0.416725
native;1;4;0.528985
native;1;4;0.487742
native;1;4;0.407375
native;1;4;0.397053
native;1;4;0.459035
native;1;4;0.473204
cas;1;4;0.322908
cas;1;4;0.307069
cas;1;4;0.299975
cas;1;4;0.260065
cas;1;4;0.322300
cas;1;4;0.286014
cas;1;4;0.314540
cas;1;4;0.280209
cas;1;4;0.286804
cas;1;4;0.277869
cas;1;4;0.308303
cas;1;4;0.313970
cas;1;4;0.318507
cas;1;4;0.323997
cas;1;4;0.295229
cas;1;4;0.299813
cas;1;4;0.290022
cas;1;4;0.292623
cas;1;4;0.295332
cas;1;4;0.308912
helper_cas;1;4;0.405118
helper_cas;1;4;0.369978
helper_cas;1;4;0.396449
helper_cas;1;4;0.410583
helper_cas;1;4;0.366853
helper_cas;1;4;0.406814
helper_cas;1;4;0.390743
helper_cas;1;4;0.401664
helper_cas;1;4;0.382513
helper_cas;1;4;0.382549
helper_cas;1;4;0.385335
helper_cas;1;4;0.403658
helper_cas;1;4;0.384816
helper_cas;1;4;0.369084
helper_cas;1;4;0.378868
helper_cas;1;4;0.363817
helper_cas;1;4;0.386030
helper_cas;1;4;0.307109
helper_cas;1;4;0.385084
helper_cas;1;4;0.387280
native;2;1;0.111567
native;2;1;0.990249
native;2;1;0.109642
native;2;1;0.999278
native;2;1;0.100351
native;2;1;0.136696
native;2;1;0.106226
native;2;1;0.924530
native;2;1;0.100231
native;2;1;0.108109
native;2;1;0.953692
native;2;1;0.999464
native;2;1;0.113455
native;2;1;0.123735
native;2;1;0.101381
native;2;1;0.120768
native;2;1;0.113449
native;2;1;0.109144
native;2;1;0.104502
native;2;1;0.103524
cas;2;1;0.376705
cas;2;1;0.490635
cas;2;1;0.393510
cas;2;1;0.397788
cas;2;1;0.498831
cas;2;1;0.388357
cas;2;1;0.403299
cas;2;1;0.512321
cas;2;1;0.431520
cas;2;1;0.365278
cas;2;1;0.381034
cas;2;1;0.413495
cas;2;1;0.461738
cas;2;1;0.552372
cas;2;1;0.408136
cas;2;1;0.421512
cas;2;1;0.377524
cas;2;1;0.484329
cas;2;1;0.438951
cas;2;1;0.383673
helper_cas;2;1;0.507430
helper_cas;2;1;0.502545
helper_cas;2;1;0.551213
helper_cas;2;1;0.514406
helper_cas;2;1;0.524874
helper_cas;2;1;0.470987
helper_cas;2;1;0.499131
helper_cas;2;1;0.489081
helper_cas;2;1;0.500003
helper_cas;2;1;0.476811
helper_cas;2;1;0.494981
helper_cas;2;1;0.506169
helper_cas;2;1;0.598730
helper_cas;2;1;0.480521
helper_cas;2;1;0.470696
helper_cas;2;1;0.587803
helper_cas;2;1;0.505502
helper_cas;2;1;0.504047
helper_cas;2;1;0.482440
helper_cas;2;1;0.477244
native;2;2;0.526617
native;2;2;0.437523
native;2;2;0.433414
native;2;2;0.461500
native;2;2;0.412376
native;2;2;0.418289
native;2;2;0.533458
native;2;2;0.465668
native;2;2;0.449572
native;2;2;0.485948
native;2;2;0.429042
native;2;2;0.461262
native;2;2;0.498149
native;2;2;0.602811
native;2;2;0.482345
native;2;2;0.491961
native;2;2;0.429132
native;2;2;0.437600
native;2;2;0.623598
native;2;2;0.478486
cas;2;2;0.318553
cas;2;2;0.323616
cas;2;2;0.292967
cas;2;2;0.294188
cas;2;2;0.293228
cas;2;2;0.284600
cas;2;2;0.309887
cas;2;2;0.296582
cas;2;2;0.305691
cas;2;2;0.316969
cas;2;2;0.301514
cas;2;2;0.303141
cas;2;2;0.314951
cas;2;2;0.311653
cas;2;2;0.296190
cas;2;2;0.314459
cas;2;2;0.303973
cas;2;2;0.297482
cas;2;2;0.315540
cas;2;2;0.288568
helper_cas;2;2;0.431179
helper_cas;2;2;0.458637
helper_cas;2;2;0.431303
helper_cas;2;2;0.469317
helper_cas;2;2;0.413005
helper_cas;2;2;0.424174
helper_cas;2;2;0.405601
helper_cas;2;2;0.394765
helper_cas;2;2;0.402130
helper_cas;2;2;0.404430
helper_cas;2;2;0.403141
helper_cas;2;2;0.404171
helper_cas;2;2;0.443166
helper_cas;2;2;0.398613
helper_cas;2;2;0.418598
helper_cas;2;2;0.393571
helper_cas;2;2;0.391172
helper_cas;2;2;0.394672
helper_cas;2;2;0.388183
helper_cas;2;2;0.446336
native;2;4;0.416350
native;2;4;0.446057
native;2;4;0.524735
native;2;4;0.419877
native;2;4;0.638705
native;2;4;0.429150
native;2;4;0.513290
native;2;4;0.452890
native;2;4;0.424750
native;2;4;0.492130
native;2;4;0.389859
native;2;4;0.421145
native;2;4;0.502298
native;2;4;0.453690
native;2;4;0.485566
native;2;4;0.408459
native;2;4;0.520709
native;2;4;0.538701
native;2;4;0.580608
native;2;4;0.436491
cas;2;4;0.313808
cas;2;4;0.335198
cas;2;4;0.305396
cas;2;4;0.313784
cas;2;4;0.316646
cas;2;4;0.325776
cas;2;4;0.323628
cas;2;4;0.395948
cas;2;4;0.301691
cas;2;4;0.311367
cas;2;4;0.297568
cas;2;4;0.288246
cas;2;4;0.300419
cas;2;4;0.301307
cas;2;4;0.324007
cas;2;4;0.326221
cas;2;4;0.289446
cas;2;4;0.306664
cas;2;4;0.302733
cas;2;4;0.287800
helper_cas;2;4;0.417929
helper_cas;2;4;0.394355
helper_cas;2;4;0.442244
helper_cas;2;4;0.381596
helper_cas;2;4;0.418855
helper_cas;2;4;0.407961
helper_cas;2;4;0.398628
helper_cas;2;4;0.386613
helper_cas;2;4;0.382114
helper_cas;2;4;0.420540
helper_cas;2;4;0.399760
helper_cas;2;4;0.395084
helper_cas;2;4;0.415144
helper_cas;2;4;0.427128
helper_cas;2;4;0.420593
helper_cas;2;4;0.380370
helper_cas;2;4;0.399963
helper_cas;2;4;0.443283
helper_cas;2;4;0.403609
helper_cas;2;4;0.411365
native;3;1;0.208799
native;3;1;0.232231
native;3;1;0.229641
native;3;1;0.211601
native;3;1;0.200218
native;3;1;0.186131
native;3;1;0.153476
native;3;1;0.178740
native;3;1;0.179869
native;3;1;0.168820
native;3;1;0.181084
native;3;1;0.158209
native;3;1;0.163409
native;3;1;0.230767
native;3;1;0.242470
native;3;1;0.118922
native;3;1;0.201734
native;3;1;0.180444
native;3;1;0.180958
native;3;1;0.192671
cas;3;1;0.421396
cas;3;1;0.600577
cas;3;1;0.408892
cas;3;1;0.609348
cas;3;1;0.424631
cas;3;1;0.455403
cas;3;1;0.432567
cas;3;1;0.402868
cas;3;1;0.635668
cas;3;1;0.630428
cas;3;1;0.418990
cas;3;1;0.454805
cas;3;1;0.436510
cas;3;1;0.411962
cas;3;1;0.446503
cas;3;1;0.520842
cas;3;1;0.460517
cas;3;1;0.436804
cas;3;1;0.459758
cas;3;1;0.497343
helper_cas;3;1;0.615521
helper_cas;3;1;0.664359
helper_cas;3;1;0.654310
helper_cas;3;1;0.490955
helper_cas;3;1;0.727756
helper_cas;3;1;0.534464
helper_cas;3;1;0.735804
helper_cas;3;1;0.734900
helper_cas;3;1;0.680689
helper_cas;3;1;0.693136
helper_cas;3;1;0.515731
helper_cas;3;1;0.700532
helper_cas;3;1;0.525122
helper_cas;3;1;0.665268
helper_cas;3;1;0.512591
helper_cas;3;1;0.549014
helper_cas;3;1;0.566580
helper_cas;3;1;0.569804
helper_cas;3;1;0.625885
helper_cas;3;1;0.679973
native;3;2;0.109033
native;3;2;0.905035
native;3;2;0.117668
native;3;2;0.894571
native;3;2;0.970010
native;3;2;0.105380
native;3;2;0.122805
native;3;2;0.998442
native;3;2;0.121797
native;3;2;0.123782
native;3;2;0.124449
native;3;2;0.107392
native;3;2;0.101709
native;3;2;0.927639
native;3;2;0.116345
native;3;2;0.122164
native;3;2;0.114486
native;3;2;0.108881
native;3;2;0.107181
native;3;2;0.108918
cas;3;2;0.390918
cas;3;2;0.532832
cas;3;2;0.381499
cas;3;2;0.415660
cas;3;2;0.559651
cas;3;2;0.457516
cas;3;2;0.432840
cas;3;2;0.383990
cas;3;2;0.367697
cas;3;2;0.415969
cas;3;2;0.514941
cas;3;2;0.420781
cas;3;2;0.446420
cas;3;2;0.422309
cas;3;2;0.410792
cas;3;2;0.395907
cas;3;2;0.402741
cas;3;2;0.393106
cas;3;2;0.425330
cas;3;2;0.473438
helper_cas;3;2;0.494784
helper_cas;3;2;0.624884
helper_cas;3;2;0.505502
helper_cas;3;2;0.453552
helper_cas;3;2;0.606222
helper_cas;3;2;0.484126
helper_cas;3;2;0.530598
helper_cas;3;2;0.478271
helper_cas;3;2;0.499831
helper_cas;3;2;0.607748
helper_cas;3;2;0.614449
helper_cas;3;2;0.608482
helper_cas;3;2;0.476717
helper_cas;3;2;0.592314
helper_cas;3;2;0.538380
helper_cas;3;2;0.582740
helper_cas;3;2;0.588731
helper_cas;3;2;0.502307
helper_cas;3;2;0.564925
helper_cas;3;2;0.620132
native;3;4;0.473163
native;3;4;0.498006
native;3;4;0.420101
native;3;4;0.449094
native;3;4;0.483329
native;3;4;0.527155
native;3;4;0.544831
native;3;4;0.452515
native;3;4;0.498161
native;3;4;0.483524
native;3;4;0.489274
native;3;4;0.460542
native;3;4;0.537377
native;3;4;0.514259
native;3;4;0.556023
native;3;4;0.473031
native;3;4;0.462866
native;3;4;0.478594
native;3;4;0.428379
native;3;4;0.514570
cas;3;4;0.333184
cas;3;4;0.311926
cas;3;4;0.348485
cas;3;4;0.329304
cas;3;4;0.311867
cas;3;4;0.318283
cas;3;4;0.349465
cas;3;4;0.333589
cas;3;4;0.298505
cas;3;4;0.299956
cas;3;4;0.314415
cas;3;4;0.332244
cas;3;4;0.348582
cas;3;4;0.319804
cas;3;4;0.291666
cas;3;4;0.306843
cas;3;4;0.329390
cas;3;4;0.322850
cas;3;4;0.313601
cas;3;4;0.328612
helper_cas;3;4;0.452760
helper_cas;3;4;0.400196
helper_cas;3;4;0.545592
helper_cas;3;4;0.428781
helper_cas;3;4;0.400355
helper_cas;3;4;0.391691
helper_cas;3;4;0.435416
helper_cas;3;4;0.436533
helper_cas;3;4;0.407723
helper_cas;3;4;0.421786
helper_cas;3;4;0.443142
helper_cas;3;4;0.419184
helper_cas;3;4;0.422878
helper_cas;3;4;0.427469
helper_cas;3;4;0.455091
helper_cas;3;4;0.426010
helper_cas;3;4;0.430858
helper_cas;3;4;0.507950
helper_cas;3;4;0.549381
helper_cas;3;4;0.419054
native;4;1;0.306380
native;4;1;0.348935
native;4;1;0.321945
native;4;1;0.282719
native;4;1;0.289026
native;4;1;0.382412
native;4;1;0.297900
native;4;1;0.306418
native;4;1;0.278202
native;4;1;0.220596
native;4;1;0.235555
native;4;1;0.224684
native;4;1;0.271165
native;4;1;0.266430
native;4;1;0.258160
native;4;1;0.252238
native;4;1;0.273989
native;4;1;0.451792
native;4;1;0.250762
native;4;1;0.326046
cas;4;1;0.691049
cas;4;1;0.463294
cas;4;1;0.780825
cas;4;1;0.724373
cas;4;1;0.663963
cas;4;1;0.655277
cas;4;1;0.610166
cas;4;1;0.419349
cas;4;1;0.442062
cas;4;1;0.633905
cas;4;1;0.726108
cas;4;1;0.622920
cas;4;1;0.441132
cas;4;1;0.447177
cas;4;1;0.685867
cas;4;1;0.723566
cas;4;1;0.640219
cas;4;1;0.659299
cas;4;1;0.462112
cas;4;1;0.439731
helper_cas;4;1;0.536851
helper_cas;4;1;0.714924
helper_cas;4;1;0.524830
helper_cas;4;1;0.706715
helper_cas;4;1;0.707056
helper_cas;4;1;0.824170
helper_cas;4;1;0.527766
helper_cas;4;1;0.481741
helper_cas;4;1;0.817532
helper_cas;4;1;0.522120
helper_cas;4;1;0.731124
helper_cas;4;1;0.490038
helper_cas;4;1;0.678567
helper_cas;4;1;0.561227
helper_cas;4;1;0.559293
helper_cas;4;1;0.599843
helper_cas;4;1;0.530770
helper_cas;4;1;0.543921
helper_cas;4;1;0.702056
helper_cas;4;1;0.743384
native;4;2;0.106762
native;4;2;0.151198
native;4;2;0.132366
native;4;2;0.136858
native;4;2;0.134922
native;4;2;0.104919
native;4;2;0.123637
native;4;2;0.131734
native;4;2;0.112567
native;4;2;0.120662
native;4;2;0.128472
native;4;2;0.124810
native;4;2;0.925390
native;4;2;0.100038
native;4;2;0.115848
native;4;2;0.113695
native;4;2;0.983006
native;4;2;0.116033
native;4;2;0.142932
native;4;2;0.988658
cas;4;2;0.511579
cas;4;2;0.406026
cas;4;2;0.427820
cas;4;2;0.455400
cas;4;2;0.411254
cas;4;2;0.480426
cas;4;2;0.501407
cas;4;2;0.525503
cas;4;2;0.390103
cas;4;2;0.545813
cas;4;2;0.416757
cas;4;2;0.413739
cas;4;2;0.506695
cas;4;2;0.500686
cas;4;2;0.510726
cas;4;2;0.480027
cas;4;2;0.418960
cas;4;2;0.442279
cas;4;2;0.488442
cas;4;2;0.466277
helper_cas;4;2;0.563507
helper_cas;4;2;0.616207
helper_cas;4;2;0.613709
helper_cas;4;2;0.567965
helper_cas;4;2;0.550435
helper_cas;4;2;0.506306
helper_cas;4;2;0.498282
helper_cas;4;2;0.551337
helper_cas;4;2;0.595329
helper_cas;4;2;0.531357
helper_cas;4;2;0.493982
helper_cas;4;2;0.509330
helper_cas;4;2;0.500193
helper_cas;4;2;0.720796
helper_cas;4;2;0.485058
helper_cas;4;2;0.526379
helper_cas;4;2;0.493221
helper_cas;4;2;0.507935
helper_cas;4;2;0.620860
helper_cas;4;2;0.495513
native;4;4;0.505435
native;4;4;0.680792
native;4;4;0.473768
native;4;4;0.494110
native;4;4;0.480428
native;4;4;0.468909
native;4;4;0.671231
native;4;4;0.492295
native;4;4;0.451338
native;4;4;0.578890
native;4;4;0.496649
native;4;4;0.484164
native;4;4;0.495926
native;4;4;0.495117
native;4;4;0.493266
native;4;4;0.482828
native;4;4;0.525556
native;4;4;0.628447
native;4;4;0.460238
native;4;4;0.487776
cas;4;4;0.318537
cas;4;4;0.317442
cas;4;4;0.331209
cas;4;4;0.331633
cas;4;4;0.299785
cas;4;4;0.340036
cas;4;4;0.347101
cas;4;4;0.339642
cas;4;4;0.352822
cas;4;4;0.324137
cas;4;4;0.312274
cas;4;4;0.327769
cas;4;4;0.347181
cas;4;4;0.307439
cas;4;4;0.335534
cas;4;4;0.332124
cas;4;4;0.313694
cas;4;4;0.300832
cas;4;4;0.301964
cas;4;4;0.332518
helper_cas;4;4;0.549322
helper_cas;4;4;0.515726
helper_cas;4;4;0.549309
helper_cas;4;4;0.422212
helper_cas;4;4;0.417720
helper_cas;4;4;0.426771
helper_cas;4;4;0.439220
helper_cas;4;4;0.406870
helper_cas;4;4;0.556054
helper_cas;4;4;0.423541
helper_cas;4;4;0.411892
helper_cas;4;4;0.407667
helper_cas;4;4;0.410315
helper_cas;4;4;0.450096
helper_cas;4;4;0.435459
helper_cas;4;4;0.399622
helper_cas;4;4;0.395157
helper_cas;4;4;0.443063
helper_cas;4;4;0.398865
helper_cas;4;4;0.416271
native;5;1;0.325004
native;5;1;0.339531
native;5;1;0.319516
native;5;1;0.280230
native;5;1;0.315467
native;5;1;0.364520
native;5;1;0.352674
native;5;1;0.308832
native;5;1;0.339554
native;5;1;0.306625
native;5;1;0.265060
native;5;1;0.335936
native;5;1;0.371737
native;5;1;0.348289
native;5;1;0.293647
native;5;1;0.334698
native;5;1;0.354840
native;5;1;0.365454
native;5;1;0.401501
native;5;1;0.276235
cas;5;1;0.474976
cas;5;1;0.743045
cas;5;1;0.578656
cas;5;1;0.520907
cas;5;1;0.775822
cas;5;1;0.485168
cas;5;1;0.491711
cas;5;1;0.545307
cas;5;1;0.757096
cas;5;1;0.727172
cas;5;1;0.779923
cas;5;1;0.461043
cas;5;1;0.466692
cas;5;1;0.502432
cas;5;1;0.477238
cas;5;1;0.676842
cas;5;1;0.457392
cas;5;1;0.521637
cas;5;1;0.654770
cas;5;1;0.504615
helper_cas;5;1;0.932738
helper_cas;5;1;0.752727
helper_cas;5;1;0.534835
helper_cas;5;1;0.804891
helper_cas;5;1;0.913777
helper_cas;5;1;0.943836
helper_cas;5;1;0.610997
helper_cas;5;1;0.772576
helper_cas;5;1;0.784229
helper_cas;5;1;0.889905
helper_cas;5;1;0.782960
helper_cas;5;1;0.884877
helper_cas;5;1;0.890307
helper_cas;5;1;0.928032
helper_cas;5;1;0.913803
helper_cas;5;1;0.574409
helper_cas;5;1;0.757370
helper_cas;5;1;0.586459
helper_cas;5;1;0.534755
helper_cas;5;1;0.828505
native;5;2;0.221267
native;5;2;0.169452
native;5;2;0.200106
native;5;2;0.188153
native;5;2;0.178862
native;5;2;0.187631
native;5;2;0.257806
native;5;2;0.225428
native;5;2;0.186815
native;5;2;0.225052
native;5;2;0.197633
native;5;2;0.198162
native;5;2;0.137217
native;5;2;0.183634
native;5;2;0.184584
native;5;2;0.202873
native;5;2;0.252878
native;5;2;0.187776
native;5;2;0.169826
native;5;2;0.193752
cas;5;2;0.440984
cas;5;2;0.473544
cas;5;2;0.638780
cas;5;2;0.440341
cas;5;2;0.458091
cas;5;2;0.510007
cas;5;2;0.650873
cas;5;2;0.440700
cas;5;2;0.603674
cas;5;2;0.625823
cas;5;2;0.600430
cas;5;2;0.624420
cas;5;2;0.626369
cas;5;2;0.604755
cas;5;2;0.659639
cas;5;2;0.444882
cas;5;2;0.573742
cas;5;2;0.630005
cas;5;2;0.636603
cas;5;2;0.447497
helper_cas;5;2;0.523219
helper_cas;5;2;0.517826
helper_cas;5;2;0.686654
helper_cas;5;2;0.521793
helper_cas;5;2;0.517055
helper_cas;5;2;0.693287
helper_cas;5;2;0.663607
helper_cas;5;2;0.690779
helper_cas;5;2;0.805381
helper_cas;5;2;0.765505
helper_cas;5;2;0.525525
helper_cas;5;2;0.542639
helper_cas;5;2;0.562363
helper_cas;5;2;0.513399
helper_cas;5;2;0.765470
helper_cas;5;2;0.639615
helper_cas;5;2;0.790942
helper_cas;5;2;0.582557
helper_cas;5;2;0.591564
helper_cas;5;2;0.599616
native;5;4;0.133186
native;5;4;0.120980
native;5;4;0.125335
native;5;4;0.118802
native;5;4;0.117511
native;5;4;0.115296
native;5;4;0.121472
native;5;4;0.113004
native;5;4;0.131177
native;5;4;0.979028
native;5;4;0.960270
native;5;4;0.982289
native;5;4;0.890890
native;5;4;0.117071
native;5;4;0.920085
native;5;4;0.116672
native;5;4;0.952722
native;5;4;0.110921
native;5;4;0.956573
native;5;4;0.123142
cas;5;4;0.534472
cas;5;4;0.412573
cas;5;4;0.403273
cas;5;4;0.461330
cas;5;4;0.504734
cas;5;4;0.551005
cas;5;4;0.486301
cas;5;4;0.504536
cas;5;4;0.382258
cas;5;4;0.508804
cas;5;4;0.527366
cas;5;4;0.396697
cas;5;4;0.451271
cas;5;4;0.385812
cas;5;4;0.419115
cas;5;4;0.521594
cas;5;4;0.495071
cas;5;4;0.463535
cas;5;4;0.411237
cas;5;4;0.400299
helper_cas;5;4;0.606803
helper_cas;5;4;0.542208
helper_cas;5;4;0.559529
helper_cas;5;4;0.523482
helper_cas;5;4;0.480027
helper_cas;5;4;0.549672
helper_cas;5;4;0.622124
helper_cas;5;4;0.680581
helper_cas;5;4;0.608323
helper_cas;5;4;0.513795
helper_cas;5;4;0.625833
helper_cas;5;4;0.516136
helper_cas;5;4;0.504531
helper_cas;5;4;0.522103
helper_cas;5;4;0.523990
helper_cas;5;4;0.677963
helper_cas;5;4;0.490721
helper_cas;5;4;0.490845
helper_cas;5;4;0.516960
helper_cas;5;4;0.596736
native;6;1;0.330837
native;6;1;0.490980
native;6;1;0.337480
native;6;1;0.281559
native;6;1;0.323460
native;6;1;0.442294
native;6;1;0.364444
native;6;1;0.323323
native;6;1;0.338241
native;6;1;0.345645
native;6;1;0.373803
native;6;1;0.377496
native;6;1;0.363200
native;6;1;0.409374
native;6;1;0.352853
native;6;1;0.363678
native;6;1;0.379823
native;6;1;0.368461
native;6;1;0.375724
native;6;1;0.526289
cas;6;1;0.510630
cas;6;1;0.957106
cas;6;1;0.735180
cas;6;1;0.758402
cas;6;1;0.826493
cas;6;1;0.828502
cas;6;1;0.744895
cas;6;1;0.834268
cas;6;1;0.824761
cas;6;1;0.795154
cas;6;1;0.559370
cas;6;1;0.904870
cas;6;1;0.873602
cas;6;1;0.627685
cas;6;1;0.689131
cas;6;1;0.573465
cas;6;1;1.222270
cas;6;1;0.623135
cas;6;1;0.579771
cas;6;1;0.544864
helper_cas;6;1;0.613910
helper_cas;6;1;1.210215
helper_cas;6;1;0.885884
helper_cas;6;1;0.794831
helper_cas;6;1;0.957005
helper_cas;6;1;0.608616
helper_cas;6;1;0.961897
helper_cas;6;1;0.596300
helper_cas;6;1;0.539545
helper_cas;6;1;0.901703
helper_cas;6;1;0.976036
helper_cas;6;1;0.999207
helper_cas;6;1;0.620987
helper_cas;6;1;0.957147
helper_cas;6;1;0.840886
helper_cas;6;1;0.996442
helper_cas;6;1;0.957486
helper_cas;6;1;1.133027
helper_cas;6;1;0.872018
helper_cas;6;1;0.876817
native;6;2;0.252565
native;6;2;0.290947
native;6;2;0.245254
native;6;2;0.225398
native;6;2;0.241868
native;6;2;0.214858
native;6;2;0.165213
native;6;2;0.197641
native;6;2;0.176647
native;6;2;0.233530
native;6;2;0.166822
native;6;2;0.194678
native;6;2;0.231988
native;6;2;0.210700
native;6;2;0.208378
native;6;2;0.174895
native;6;2;0.229002
native;6;2;0.207064
native;6;2;0.235485
native;6;2;0.215012
cas;6;2;0.696431
cas;6;2;0.476707
cas;6;2;0.651845
cas;6;2;0.611442
cas;6;2;0.623109
cas;6;2;0.436745
cas;6;2;0.625366
cas;6;2;0.571091
cas;6;2;0.438000
cas;6;2;0.428940
cas;6;2;0.416524
cas;6;2;0.518928
cas;6;2;0.631148
cas;6;2;0.431529
cas;6;2;0.433163
cas;6;2;0.615767
cas;6;2;0.562432
cas;6;2;0.396656
cas;6;2;0.430517
cas;6;2;0.553703
helper_cas;6;2;0.741815
helper_cas;6;2;0.628359
helper_cas;6;2;0.650336
helper_cas;6;2;0.532645
helper_cas;6;2;0.662711
helper_cas;6;2;0.537831
helper_cas;6;2;0.541148
helper_cas;6;2;0.648511
helper_cas;6;2;0.625874
helper_cas;6;2;0.716956
helper_cas;6;2;0.529556
helper_cas;6;2;0.786000
helper_cas;6;2;0.640650
helper_cas;6;2;0.536211
helper_cas;6;2;0.657854
helper_cas;6;2;0.698895
helper_cas;6;2;0.506933
helper_cas;6;2;0.755959
helper_cas;6;2;0.506780
helper_cas;6;2;0.537180
native;6;4;0.977616
native;6;4;0.977666
native;6;4;0.142309
native;6;4;0.124354
native;6;4;0.118671
native;6;4;0.117161
native;6;4;0.101148
native;6;4;0.102498
native;6;4;0.971447
native;6;4;0.131456
native;6;4;0.118255
native;6;4;0.106835
native;6;4;0.104484
native;6;4;0.814330
native;6;4;0.123240
native;6;4;0.170704
native;6;4;0.123031
native;6;4;0.943313
native;6;4;0.106316
native;6;4;0.124602
cas;6;4;0.516196
cas;6;4;0.417770
cas;6;4;0.438733
cas;6;4;0.502578
cas;6;4;0.399496
cas;6;4;0.416024
cas;6;4;0.525491
cas;6;4;0.488758
cas;6;4;0.516164
cas;6;4;0.538107
cas;6;4;0.528255
cas;6;4;0.505866
cas;6;4;0.484768
cas;6;4;0.535983
cas;6;4;0.426922
cas;6;4;0.485299
cas;6;4;0.459855
cas;6;4;0.507769
cas;6;4;0.437781
cas;6;4;0.568837
helper_cas;6;4;0.600382
helper_cas;6;4;0.495251
helper_cas;6;4;0.512911
helper_cas;6;4;0.489149
helper_cas;6;4;0.504451
helper_cas;6;4;0.589428
helper_cas;6;4;0.488568
helper_cas;6;4;0.675641
helper_cas;6;4;0.549382
helper_cas;6;4;0.595285
helper_cas;6;4;0.539986
helper_cas;6;4;0.491008
helper_cas;6;4;0.595637
helper_cas;6;4;0.679723
helper_cas;6;4;0.597352
helper_cas;6;4;0.578087
helper_cas;6;4;0.537838
helper_cas;6;4;0.543693
helper_cas;6;4;0.644434
helper_cas;6;4;0.612169
native;7;1;0.372797
native;7;1;0.347744
native;7;1;0.478405
native;7;1;0.372380
native;7;1;0.522326
native;7;1;0.453096
native;7;1;0.722960
native;7;1;0.374806
native;7;1;0.522034
native;7;1;0.373370
native;7;1;0.547175
native;7;1;0.418154
native;7;1;0.382003
native;7;1;0.490306
native;7;1;0.611669
native;7;1;0.476813
native;7;1;0.452524
native;7;1;0.437419
native;7;1;0.428743
native;7;1;0.446217
cas;7;1;0.908906
cas;7;1;0.615498
cas;7;1;0.928180
cas;7;1;0.851291
cas;7;1;0.900536
cas;7;1;0.695957
cas;7;1;0.677649
cas;7;1;0.904995
cas;7;1;0.580129
cas;7;1;0.653384
cas;7;1;0.628196
cas;7;1;0.826273
cas;7;1;0.809993
cas;7;1;1.379262
cas;7;1;0.680117
cas;7;1;0.674619
cas;7;1;0.917448
cas;7;1;0.792391
cas;7;1;0.911593
cas;7;1;0.752773
helper_cas;7;1;0.963918
helper_cas;7;1;0.970795
helper_cas;7;1;0.684478
helper_cas;7;1;0.888990
helper_cas;7;1;1.144879
helper_cas;7;1;0.707507
helper_cas;7;1;1.221209
helper_cas;7;1;0.917486
helper_cas;7;1;0.575098
helper_cas;7;1;0.645280
helper_cas;7;1;1.230127
helper_cas;7;1;0.839448
helper_cas;7;1;1.187328
helper_cas;7;1;0.726382
helper_cas;7;1;1.214596
helper_cas;7;1;0.956781
helper_cas;7;1;1.183928
helper_cas;7;1;0.984280
helper_cas;7;1;1.255671
helper_cas;7;1;1.778065
native;7;2;0.304141
native;7;2;0.314192
native;7;2;0.222852
native;7;2;0.268698
native;7;2;0.256099
native;7;2;0.249065
native;7;2;0.447555
native;7;2;0.252189
native;7;2;0.288198
native;7;2;0.284915
native;7;2;0.257217
native;7;2;0.291830
native;7;2;0.260706
native;7;2;0.293954
native;7;2;0.291049
native;7;2;0.285740
native;7;2;0.295786
native;7;2;0.260124
native;7;2;0.272215
native;7;2;0.275499
cas;7;2;0.469547
cas;7;2;0.659813
cas;7;2;0.456663
cas;7;2;0.528251
cas;7;2;0.593329
cas;7;2;0.508004
cas;7;2;0.696214
cas;7;2;0.654566
cas;7;2;0.489437
cas;7;2;0.770118
cas;7;2;0.670350
cas;7;2;0.630428
cas;7;2;0.606646
cas;7;2;0.779959
cas;7;2;0.698471
cas;7;2;0.674310
cas;7;2;0.583982
cas;7;2;0.454383
cas;7;2;0.758555
cas;7;2;0.636307
helper_cas;7;2;0.651374
helper_cas;7;2;0.838448
helper_cas;7;2;0.655932
helper_cas;7;2;0.703696
helper_cas;7;2;0.727458
helper_cas;7;2;0.794443
helper_cas;7;2;0.649244
helper_cas;7;2;0.602369
helper_cas;7;2;0.746601
helper_cas;7;2;0.812205
helper_cas;7;2;0.823616
helper_cas;7;2;0.882512
helper_cas;7;2;0.545396
helper_cas;7;2;0.764844
helper_cas;7;2;0.807626
helper_cas;7;2;0.756353
helper_cas;7;2;0.732428
helper_cas;7;2;0.761841
helper_cas;7;2;0.856172
helper_cas;7;2;0.695444
native;7;4;0.134067
native;7;4;0.110563
native;7;4;0.120757
native;7;4;0.140879
native;7;4;0.105949
native;7;4;0.140341
native;7;4;0.127798
native;7;4;0.133495
native;7;4;0.103458
native;7;4;0.147297
native;7;4;0.121868
native;7;4;0.128632
native;7;4;0.146564
native;7;4;0.166142
native;7;4;0.140122
native;7;4;0.119176
native;7;4;0.993137
native;7;4;0.129882
native;7;4;0.122704
native;7;4;0.121691
cas;7;4;0.515515
cas;7;4;0.545208
cas;7;4;0.434797
cas;7;4;0.414705
cas;7;4;0.405494
cas;7;4;0.430004
cas;7;4;0.417925
cas;7;4;0.548442
cas;7;4;0.526376
cas;7;4;0.461942
cas;7;4;0.510694
cas;7;4;0.420573
cas;7;4;0.494617
cas;7;4;0.562718
cas;7;4;0.484207
cas;7;4;0.415722
cas;7;4;0.503745
cas;7;4;0.423492
cas;7;4;0.476981
cas;7;4;0.421765
helper_cas;7;4;0.647537
helper_cas;7;4;0.622858
helper_cas;7;4;0.511040
helper_cas;7;4;0.616388
helper_cas;7;4;0.637915
helper_cas;7;4;0.603160
helper_cas;7;4;0.671481
helper_cas;7;4;0.609288
helper_cas;7;4;0.619242
helper_cas;7;4;0.657391
helper_cas;7;4;0.514563
helper_cas;7;4;0.672029
helper_cas;7;4;0.522056
helper_cas;7;4;0.676486
helper_cas;7;4;0.627007
helper_cas;7;4;0.626479
helper_cas;7;4;0.632242
helper_cas;7;4;0.503478
helper_cas;7;4;0.605853
helper_cas;7;4;0.626771
native;8;1;0.374927
native;8;1;0.406582
native;8;1;0.432492
native;8;1;0.672426
native;8;1;0.590746
native;8;1;0.440088
native;8;1;0.646245
native;8;1;0.760349
native;8;1;0.425536
native;8;1;0.422629
native;8;1;0.447201
native;8;1;0.477214
native;8;1;0.527495
native;8;1;0.417063
native;8;1;0.700430
native;8;1;0.442122
native;8;1;0.507156
native;8;1;0.460083
native;8;1;0.549064
native;8;1;0.665152
cas;8;1;0.948501
cas;8;1;0.620640
cas;8;1;0.984265
cas;8;1;1.123167
cas;8;1;0.766846
cas;8;1;1.838605
cas;8;1;1.332740
cas;8;1;1.148179
cas;8;1;0.972169
cas;8;1;1.326574
cas;8;1;0.963529
cas;8;1;0.674902
cas;8;1;0.728958
cas;8;1;1.543183
cas;8;1;0.748524
cas;8;1;0.763456
cas;8;1;0.678306
cas;8;1;0.700428
cas;8;1;0.650995
cas;8;1;0.612835
helper_cas;8;1;0.780871
helper_cas;8;1;1.572056
helper_cas;8;1;0.706716
helper_cas;8;1;1.289483
helper_cas;8;1;0.695354
helper_cas;8;1;0.797250
helper_cas;8;1;1.116397
helper_cas;8;1;1.210500
helper_cas;8;1;1.190201
helper_cas;8;1;1.146540
helper_cas;8;1;0.835685
helper_cas;8;1;1.885481
helper_cas;8;1;1.106974
helper_cas;8;1;0.992169
helper_cas;8;1;0.783619
helper_cas;8;1;1.118446
helper_cas;8;1;1.800053
helper_cas;8;1;1.319093
helper_cas;8;1;0.791854
helper_cas;8;1;0.679155
native;8;2;0.248175
native;8;2;0.284599
native;8;2;0.276457
native;8;2;0.327314
native;8;2;0.261586
native;8;2;0.300532
native;8;2;0.235245
native;8;2;0.294264
native;8;2;0.267049
native;8;2;0.314329
native;8;2;0.287617
native;8;2;0.317230
native;8;2;0.262090
native;8;2;0.364565
native;8;2;0.268549
native;8;2;0.253246
native;8;2;0.304914
native;8;2;0.274222
native;8;2;0.252771
native;8;2;0.361424
cas;8;2;0.694336
cas;8;2;0.636442
cas;8;2;0.758516
cas;8;2;0.474951
cas;8;2;0.638781
cas;8;2;0.749232
cas;8;2;0.690479
cas;8;2;0.728065
cas;8;2;0.485228
cas;8;2;0.611844
cas;8;2;0.584711
cas;8;2;0.778967
cas;8;2;0.465358
cas;8;2;0.452163
cas;8;2;0.749194
cas;8;2;0.694893
cas;8;2;0.688239
cas;8;2;0.654072
cas;8;2;0.688359
cas;8;2;0.477941
helper_cas;8;2;0.751388
helper_cas;8;2;0.708507
helper_cas;8;2;0.772709
helper_cas;8;2;0.840139
helper_cas;8;2;0.819074
helper_cas;8;2;0.831183
helper_cas;8;2;0.786346
helper_cas;8;2;0.810723
helper_cas;8;2;0.759600
helper_cas;8;2;0.729162
helper_cas;8;2;0.701295
helper_cas;8;2;0.760125
helper_cas;8;2;0.554307
helper_cas;8;2;0.744255
helper_cas;8;2;0.829338
helper_cas;8;2;0.770735
helper_cas;8;2;0.799888
helper_cas;8;2;0.764984
helper_cas;8;2;0.548493
helper_cas;8;2;0.577482
native;8;4;0.127629
native;8;4;0.123209
native;8;4;0.134939
native;8;4;0.112956
native;8;4;0.113564
native;8;4;0.103712
native;8;4;0.159363
native;8;4;0.130121
native;8;4;0.115083
native;8;4;0.151340
native;8;4;0.139421
native;8;4;0.104792
native;8;4;0.122451
native;8;4;0.109752
native;8;4;0.119695
native;8;4;0.140407
native;8;4;0.138976
native;8;4;0.107182
native;8;4;0.118777
native;8;4;0.103093
cas;8;4;0.480796
cas;8;4;0.509382
cas;8;4;0.432091
cas;8;4;0.529876
cas;8;4;0.559917
cas;8;4;0.503687
cas;8;4;0.510779
cas;8;4;0.534737
cas;8;4;0.560832
cas;8;4;0.499737
cas;8;4;0.548970
cas;8;4;0.435057
cas;8;4;0.503177
cas;8;4;0.566510
cas;8;4;0.583626
cas;8;4;0.530082
cas;8;4;0.527935
cas;8;4;0.433749
cas;8;4;0.535159
cas;8;4;0.523225
helper_cas;8;4;0.577646
helper_cas;8;4;0.608964
helper_cas;8;4;0.766783
helper_cas;8;4;0.496177
helper_cas;8;4;0.620629
helper_cas;8;4;0.608021
helper_cas;8;4;0.521166
helper_cas;8;4;0.510849
helper_cas;8;4;0.638730
helper_cas;8;4;0.720344
helper_cas;8;4;0.518773
helper_cas;8;4;0.597696
helper_cas;8;4;0.621083
helper_cas;8;4;0.637406
helper_cas;8;4;0.620721
helper_cas;8;4;0.690701
helper_cas;8;4;0.621695
helper_cas;8;4;0.612542
helper_cas;8;4;0.491635
helper_cas;8;4;0.611516
native;9;1;0.467207
native;9;1;0.602856
native;9;1;0.471289
native;9;1;0.482735
native;9;1;0.541319
native;9;1;0.546428
native;9;1;0.588478
native;9;1;0.500758
native;9;1;0.510988
native;9;1;0.486374
native;9;1;0.425593
native;9;1;0.522153
native;9;1;0.540823
native;9;1;0.623338
native;9;1;0.555379
native;9;1;0.572223
native;9;1;0.465736
native;9;1;0.498270
native;9;1;0.480022
native;9;1;0.867255
cas;9;1;1.633537
cas;9;1;0.783696
cas;9;1;0.938760
cas;9;1;0.841036
cas;9;1;1.108546
cas;9;1;0.764403
cas;9;1;1.172624
cas;9;1;1.228183
cas;9;1;1.124309
cas;9;1;1.545427
cas;9;1;1.105625
cas;9;1;0.827217
cas;9;1;1.124190
cas;9;1;1.427976
cas;9;1;0.995656
cas;9;1;1.873038
cas;9;1;0.915531
cas;9;1;1.159921
cas;9;1;1.377584
cas;9;1;0.969287
helper_cas;9;1;1.159959
helper_cas;9;1;1.206314
helper_cas;9;1;1.134482
helper_cas;9;1;1.172502
helper_cas;9;1;1.312096
helper_cas;9;1;0.797865
helper_cas;9;1;0.787209
helper_cas;9;1;1.108349
helper_cas;9;1;1.186398
helper_cas;9;1;1.196640
helper_cas;9;1;1.393774
helper_cas;9;1;1.125909
helper_cas;9;1;1.261006
helper_cas;9;1;0.688222
helper_cas;9;1;1.127769
helper_cas;9;1;1.238671
helper_cas;9;1;1.314198
helper_cas;9;1;0.881354
helper_cas;9;1;0.852785
helper_cas;9;1;1.177549
native;9;2;0.333460
native;9;2;0.347382
native;9;2;0.299557
native;9;2;0.314632
native;9;2;0.305354
native;9;2;0.345554
native;9;2;0.334863
native;9;2;0.345637
native;9;2;0.325081
native;9;2;0.337151
native;9;2;0.313077
native;9;2;0.337473
native;9;2;0.278076
native;9;2;0.358186
native;9;2;0.320744
native;9;2;0.340530
native;9;2;0.308978
native;9;2;0.329785
native;9;2;0.333733
native;9;2;0.393025
cas;9;2;0.787051
cas;9;2;0.806582
cas;9;2;0.752191
cas;9;2;0.473179
cas;9;2;0.732788
cas;9;2;0.703146
cas;9;2;0.545773
cas;9;2;0.803116
cas;9;2;0.480404
cas;9;2;0.848579
cas;9;2;0.611257
cas;9;2;0.777948
cas;9;2;0.852411
cas;9;2;0.656916
cas;9;2;0.721046
cas;9;2;0.845251
cas;9;2;0.778808
cas;9;2;0.845025
cas;9;2;0.694463
cas;9;2;0.804889
helper_cas;9;2;0.729968
helper_cas;9;2;0.748674
helper_cas;9;2;0.583294
helper_cas;9;2;0.902724
helper_cas;9;2;0.947389
helper_cas;9;2;0.871296
helper_cas;9;2;0.558028
helper_cas;9;2;0.623052
helper_cas;9;2;0.912931
helper_cas;9;2;0.873394
helper_cas;9;2;0.817885
helper_cas;9;2;0.599380
helper_cas;9;2;0.581872
helper_cas;9;2;0.973106
helper_cas;9;2;0.568016
helper_cas;9;2;0.894041
helper_cas;9;2;0.577981
helper_cas;9;2;0.899685
helper_cas;9;2;0.754249
helper_cas;9;2;0.902036
native;9;4;0.199331
native;9;4;0.230104
native;9;4;0.203410
native;9;4;0.179635
native;9;4;0.244954
native;9;4;0.147966
native;9;4;0.217737
native;9;4;0.161133
native;9;4;0.196107
native;9;4;0.225422
native;9;4;0.196715
native;9;4;0.177597
native;9;4;0.191379
native;9;4;0.209294
native;9;4;0.226395
native;9;4;0.187142
native;9;4;0.157792
native;9;4;0.225868
native;9;4;0.222114
native;9;4;0.187956
cas;9;4;0.605078
cas;9;4;0.455291
cas;9;4;0.606108
cas;9;4;0.516387
cas;9;4;0.424767
cas;9;4;0.651192
cas;9;4;0.650508
cas;9;4;0.644446
cas;9;4;0.538757
cas;9;4;0.434888
cas;9;4;0.505090
cas;9;4;0.671894
cas;9;4;0.499212
cas;9;4;0.549185
cas;9;4;0.668384
cas;9;4;0.611910
cas;9;4;0.548852
cas;9;4;0.543019
cas;9;4;0.680097
cas;9;4;0.528200
helper_cas;9;4;0.601328
helper_cas;9;4;0.624753
helper_cas;9;4;0.749615
helper_cas;9;4;0.712700
helper_cas;9;4;0.665339
helper_cas;9;4;0.726737
helper_cas;9;4;0.563314
helper_cas;9;4;0.579467
helper_cas;9;4;0.711811
helper_cas;9;4;0.700183
helper_cas;9;4;0.782223
helper_cas;9;4;0.612503
helper_cas;9;4;0.625007
helper_cas;9;4;0.607981
helper_cas;9;4;0.701438
helper_cas;9;4;0.724530
helper_cas;9;4;0.687897
helper_cas;9;4;0.538729
helper_cas;9;4;0.781064
helper_cas;9;4;0.713952
native;10;1;0.514838
native;10;1;0.487065
native;10;1;0.652557
native;10;1;0.606674
native;10;1;0.551529
native;10;1;0.493539
native;10;1;0.549963
native;10;1;0.566250
native;10;1;0.697636
native;10;1;0.557933
native;10;1;0.536848
native;10;1;0.519291
native;10;1;0.466387
native;10;1;0.506948
native;10;1;0.611958
native;10;1;0.646515
native;10;1;0.511741
native;10;1;0.631671
native;10;1;0.545062
native;10;1;0.827058
cas;10;1;1.163026
cas;10;1;1.240486
cas;10;1;1.178411
cas;10;1;0.766863
cas;10;1;1.107390
cas;10;1;0.894460
cas;10;1;1.132427
cas;10;1;1.434479
cas;10;1;1.297719
cas;10;1;0.895968
cas;10;1;0.907563
cas;10;1;1.175556
cas;10;1;1.278812
cas;10;1;1.159694
cas;10;1;1.369600
cas;10;1;1.293797
cas;10;1;0.856208
cas;10;1;1.306522
cas;10;1;1.387178
cas;10;1;0.843879
helper_cas;10;1;0.880101
helper_cas;10;1;1.221313
helper_cas;10;1;1.225851
helper_cas;10;1;1.521435
helper_cas;10;1;0.861089
helper_cas;10;1;1.397498
helper_cas;10;1;0.800289
helper_cas;10;1;0.930311
helper_cas;10;1;0.845203
helper_cas;10;1;0.806430
helper_cas;10;1;0.821700
helper_cas;10;1;0.883133
helper_cas;10;1;1.435217
helper_cas;10;1;0.781869
helper_cas;10;1;0.774182
helper_cas;10;1;1.280484
helper_cas;10;1;1.256386
helper_cas;10;1;1.456351
helper_cas;10;1;1.226188
helper_cas;10;1;1.379117
native;10;2;0.335546
native;10;2;0.354450
native;10;2;0.324783
native;10;2;0.305165
native;10;2;0.328886
native;10;2;0.338113
native;10;2;0.317675
native;10;2;0.290326
native;10;2;0.353173
native;10;2;0.357714
native;10;2;0.370452
native;10;2;0.347075
native;10;2;0.347662
native;10;2;0.537228
native;10;2;0.353030
native;10;2;0.448143
native;10;2;0.373021
native;10;2;0.343498
native;10;2;0.347534
native;10;2;0.376718
cas;10;2;0.516754
cas;10;2;0.732688
cas;10;2;0.819897
cas;10;2;0.865928
cas;10;2;0.769040
cas;10;2;0.526099
cas;10;2;0.786520
cas;10;2;0.841455
cas;10;2;0.505890
cas;10;2;0.728623
cas;10;2;0.668992
cas;10;2;0.882679
cas;10;2;0.700303
cas;10;2;0.528684
cas;10;2;0.817426
cas;10;2;0.812079
cas;10;2;0.761323
cas;10;2;0.512248
cas;10;2;0.724851
cas;10;2;0.856122
helper_cas;10;2;0.873218
helper_cas;10;2;0.785865
helper_cas;10;2;0.946227
helper_cas;10;2;0.724242
helper_cas;10;2;0.795406
helper_cas;10;2;0.906242
helper_cas;10;2;0.890581
helper_cas;10;2;0.882350
helper_cas;10;2;0.805172
helper_cas;10;2;0.775779
helper_cas;10;2;0.934591
helper_cas;10;2;0.605969
helper_cas;10;2;0.863298
helper_cas;10;2;0.577044
helper_cas;10;2;0.780994
helper_cas;10;2;0.546382
helper_cas;10;2;0.941270
helper_cas;10;2;0.932265
helper_cas;10;2;0.583256
helper_cas;10;2;0.869594
native;10;4;0.187705
native;10;4;0.191294
native;10;4;0.194462
native;10;4;0.248345
native;10;4;0.193502
native;10;4;0.197011
native;10;4;0.204574
native;10;4;0.231131
native;10;4;0.222359
native;10;4;0.204222
native;10;4;0.230943
native;10;4;0.191710
native;10;4;0.265703
native;10;4;0.194804
native;10;4;0.192393
native;10;4;0.176424
native;10;4;0.219222
native;10;4;0.195903
native;10;4;0.228101
native;10;4;0.189061
cas;10;4;0.449814
cas;10;4;0.639375
cas;10;4;0.593816
cas;10;4;0.608722
cas;10;4;0.675790
cas;10;4;0.661935
cas;10;4;0.678951
cas;10;4;0.458429
cas;10;4;0.700503
cas;10;4;0.430295
cas;10;4;0.622271
cas;10;4;0.597770
cas;10;4;0.629547
cas;10;4;0.610511
cas;10;4;0.556460
cas;10;4;0.601063
cas;10;4;0.553111
cas;10;4;0.493066
cas;10;4;0.435404
cas;10;4;0.445567
helper_cas;10;4;0.747354
helper_cas;10;4;0.540989
helper_cas;10;4;0.612203
helper_cas;10;4;0.552394
helper_cas;10;4;0.595672
helper_cas;10;4;0.532130
helper_cas;10;4;0.680348
helper_cas;10;4;0.734645
helper_cas;10;4;0.657962
helper_cas;10;4;0.629446
helper_cas;10;4;0.537225
helper_cas;10;4;0.683088
helper_cas;10;4;0.683631
helper_cas;10;4;0.681858
helper_cas;10;4;0.698395
helper_cas;10;4;0.660513
helper_cas;10;4;0.671289
helper_cas;10;4;0.583421
helper_cas;10;4;0.703808
helper_cas;10;4;0.525001
native;11;1;0.873024
native;11;1;0.957832
native;11;1;0.888869
native;11;1;0.568060
native;11;1;0.974015
native;11;1;0.709947
native;11;1;0.628213
native;11;1;0.518805
native;11;1;0.546296
native;11;1;0.512701
native;11;1;0.691495
native;11;1;0.715770
native;11;1;0.614941
native;11;1;0.713662
native;11;1;0.761319
native;11;1;0.550815
native;11;1;0.936993
native;11;1;0.586702
native;11;1;0.524464
native;11;1;0.621929
cas;11;1;1.408900
cas;11;1;1.308780
cas;11;1;1.234964
cas;11;1;1.564264
cas;11;1;0.916425
cas;11;1;1.248011
cas;11;1;1.433506
cas;11;1;1.348920
cas;11;1;1.375918
cas;11;1;1.276047
cas;11;1;1.264944
cas;11;1;1.336354
cas;11;1;0.911014
cas;11;1;1.338839
cas;11;1;1.399782
cas;11;1;1.381407
cas;11;1;1.187377
cas;11;1;1.372937
cas;11;1;1.227650
cas;11;1;1.377248
helper_cas;11;1;1.276888
helper_cas;11;1;1.434582
helper_cas;11;1;1.341421
helper_cas;11;1;1.474618
helper_cas;11;1;1.324094
helper_cas;11;1;1.560233
helper_cas;11;1;1.343401
helper_cas;11;1;1.366846
helper_cas;11;1;1.348765
helper_cas;11;1;1.284582
helper_cas;11;1;1.102488
helper_cas;11;1;1.413551
helper_cas;11;1;1.136135
helper_cas;11;1;0.956863
helper_cas;11;1;1.426386
helper_cas;11;1;1.342911
helper_cas;11;1;1.237093
helper_cas;11;1;1.349047
helper_cas;11;1;1.348993
helper_cas;11;1;1.296598
native;11;2;0.586568
native;11;2;0.378749
native;11;2;0.399962
native;11;2;0.321841
native;11;2;0.403162
native;11;2;0.340769
native;11;2;0.329083
native;11;2;0.396340
native;11;2;0.298660
native;11;2;0.345344
native;11;2;0.389925
native;11;2;0.405263
native;11;2;0.350515
native;11;2;0.552579
native;11;2;0.379054
native;11;2;0.375039
native;11;2;0.386111
native;11;2;0.376072
native;11;2;0.362410
native;11;2;0.427986
cas;11;2;0.814607
cas;11;2;0.897491
cas;11;2;0.659272
cas;11;2;0.859230
cas;11;2;0.801138
cas;11;2;0.845311
cas;11;2;0.826896
cas;11;2;1.298484
cas;11;2;0.887363
cas;11;2;0.895432
cas;11;2;0.999088
cas;11;2;0.528542
cas;11;2;0.871932
cas;11;2;0.817007
cas;11;2;0.911705
cas;11;2;0.817370
cas;11;2;0.864971
cas;11;2;0.658345
cas;11;2;0.691876
cas;11;2;0.782312
helper_cas;11;2;0.936191
helper_cas;11;2;0.931324
helper_cas;11;2;0.657733
helper_cas;11;2;0.780730
helper_cas;11;2;0.944725
helper_cas;11;2;0.936832
helper_cas;11;2;0.986276
helper_cas;11;2;0.901633
helper_cas;11;2;0.846375
helper_cas;11;2;0.661856
helper_cas;11;2;0.951101
helper_cas;11;2;0.819872
helper_cas;11;2;1.130128
helper_cas;11;2;0.941934
helper_cas;11;2;0.938480
helper_cas;11;2;0.896001
helper_cas;11;2;0.815598
helper_cas;11;2;0.925629
helper_cas;11;2;0.918061
helper_cas;11;2;0.613562
native;11;4;0.239003
native;11;4;0.229640
native;11;4;0.229709
native;11;4;0.176320
native;11;4;0.222465
native;11;4;0.207805
native;11;4;0.192496
native;11;4;0.238041
native;11;4;0.229841
native;11;4;0.202771
native;11;4;0.172592
native;11;4;0.188512
native;11;4;0.203053
native;11;4;0.219943
native;11;4;0.285967
native;11;4;0.235249
native;11;4;0.238246
native;11;4;0.228234
native;11;4;0.208951
native;11;4;0.242241
cas;11;4;0.438877
cas;11;4;0.655546
cas;11;4;0.467459
cas;11;4;0.638905
cas;11;4;0.650036
cas;11;4;0.720505
cas;11;4;0.628086
cas;11;4;0.557637
cas;11;4;0.484570
cas;11;4;0.683431
cas;11;4;0.629517
cas;11;4;0.660280
cas;11;4;0.673281
cas;11;4;0.688256
cas;11;4;0.465083
cas;11;4;0.486094
cas;11;4;0.455681
cas;11;4;0.636783
cas;11;4;0.673050
cas;11;4;0.662400
helper_cas;11;4;0.832146
helper_cas;11;4;0.538098
helper_cas;11;4;0.760412
helper_cas;11;4;0.520093
helper_cas;11;4;0.804152
helper_cas;11;4;0.668833
helper_cas;11;4;0.687084
helper_cas;11;4;0.686576
helper_cas;11;4;0.682283
helper_cas;11;4;0.731903
helper_cas;11;4;0.740823
helper_cas;11;4;0.525943
helper_cas;11;4;0.728083
helper_cas;11;4;0.770021
helper_cas;11;4;0.519085
helper_cas;11;4;0.685698
helper_cas;11;4;0.539643
helper_cas;11;4;0.611700
helper_cas;11;4;0.592200
helper_cas;11;4;0.823929
native;12;1;0.612761
native;12;1;0.586012
native;12;1;0.702763
native;12;1;0.719334
native;12;1;0.604542
native;12;1;0.619963
native;12;1;0.630946
native;12;1;0.613833
native;12;1;0.613080
native;12;1;0.755012
native;12;1;0.580074
native;12;1;0.663876
native;12;1;0.590580
native;12;1;0.568872
native;12;1;0.611759
native;12;1;1.704814
native;12;1;0.952589
native;12;1;0.679082
native;12;1;0.658063
native;12;1;0.629702
cas;12;1;1.504931
cas;12;1;1.420340
cas;12;1;1.363943
cas;12;1;1.471141
cas;12;1;1.420342
cas;12;1;1.231207
cas;12;1;1.163463
cas;12;1;1.463107
cas;12;1;1.328098
cas;12;1;1.705232
cas;12;1;1.350502
cas;12;1;1.280485
cas;12;1;1.584183
cas;12;1;1.284486
cas;12;1;0.982107
cas;12;1;1.315031
cas;12;1;1.439465
cas;12;1;1.516948
cas;12;1;1.523948
cas;12;1;1.317084
helper_cas;12;1;1.489021
helper_cas;12;1;0.892492
helper_cas;12;1;1.231313
helper_cas;12;1;1.264705
helper_cas;12;1;1.219006
helper_cas;12;1;1.533582
helper_cas;12;1;1.599790
helper_cas;12;1;1.886480
helper_cas;12;1;1.312038
helper_cas;12;1;1.540588
helper_cas;12;1;1.107519
helper_cas;12;1;1.615872
helper_cas;12;1;1.411508
helper_cas;12;1;1.171699
helper_cas;12;1;1.569490
helper_cas;12;1;1.736423
helper_cas;12;1;1.272625
helper_cas;12;1;0.985558
helper_cas;12;1;1.528833
helper_cas;12;1;1.493845
native;12;2;0.512719
native;12;2;0.439558
native;12;2;0.359050
native;12;2;0.377007
native;12;2;0.382383
native;12;2;0.395164
native;12;2;0.396853
native;12;2;0.534484
native;12;2;0.402597
native;12;2;0.359329
native;12;2;0.393779
native;12;2;0.391597
native;12;2;0.350605
native;12;2;0.578198
native;12;2;0.371112
native;12;2;0.343471
native;12;2;0.393937
native;12;2;0.385984
native;12;2;0.365540
native;12;2;0.358340
cas;12;2;0.992324
cas;12;2;0.817536
cas;12;2;0.820401
cas;12;2;0.752893
cas;12;2;0.893435
cas;12;2;0.779239
cas;12;2;0.620082
cas;12;2;0.953655
cas;12;2;0.981926
cas;12;2;0.829565
cas;12;2;0.825715
cas;12;2;0.757114
cas;12;2;0.805376
cas;12;2;0.865469
cas;12;2;0.890442
cas;12;2;0.918617
cas;12;2;0.875391
cas;12;2;0.798858
cas;12;2;0.793596
cas;12;2;1.304883
helper_cas;12;2;1.374421
helper_cas;12;2;0.968824
helper_cas;12;2;1.222712
helper_cas;12;2;0.804094
helper_cas;12;2;0.936755
helper_cas;12;2;1.855334
helper_cas;12;2;0.961408
helper_cas;12;2;0.646124
helper_cas;12;2;0.955520
helper_cas;12;2;0.953921
helper_cas;12;2;0.831196
helper_cas;12;2;1.112902
helper_cas;12;2;0.941708
helper_cas;12;2;0.932496
helper_cas;12;2;0.983018
helper_cas;12;2;0.925718
helper_cas;12;2;0.856257
helper_cas;12;2;0.799064
helper_cas;12;2;0.600157
helper_cas;12;2;0.891795
native;12;4;0.249754
native;12;4;0.229447
native;12;4;0.226463
native;12;4;0.212210
native;12;4;0.218268
native;12;4;0.211290
native;12;4;0.279078
native;12;4;0.224888
native;12;4;0.253110
native;12;4;0.278605
native;12;4;0.192370
native;12;4;0.217247
native;12;4;0.214670
native;12;4;0.242708
native;12;4;0.248440
native;12;4;0.239845
native;12;4;0.215955
native;12;4;0.205937
native;12;4;0.259152
native;12;4;0.251634
cas;12;4;0.665013
cas;12;4;0.453901
cas;12;4;0.562383
cas;12;4;0.637050
cas;12;4;0.606496
cas;12;4;0.483616
cas;12;4;0.653031
cas;12;4;0.621317
cas;12;4;0.619875
cas;12;4;0.625262
cas;12;4;0.450988
cas;12;4;0.630393
cas;12;4;0.687912
cas;12;4;0.652029
cas;12;4;0.452846
cas;12;4;0.686833
cas;12;4;0.677791
cas;12;4;0.483506
cas;12;4;0.523086
cas;12;4;0.665463
helper_cas;12;4;0.779347
helper_cas;12;4;0.533602
helper_cas;12;4;0.664846
helper_cas;12;4;0.782904
helper_cas;12;4;0.853674
helper_cas;12;4;0.697926
helper_cas;12;4;0.722164
helper_cas;12;4;0.630245
helper_cas;12;4;0.698935
helper_cas;12;4;0.773332
helper_cas;12;4;0.567992
helper_cas;12;4;0.550840
helper_cas;12;4;0.564648
helper_cas;12;4;0.691697
helper_cas;12;4;0.847756
helper_cas;12;4;0.691608
helper_cas;12;4;0.672038
helper_cas;12;4;0.796853
helper_cas;12;4;0.587105
helper_cas;12;4;0.662291
native;13;1;0.916858
native;13;1;0.816561
native;13;1;0.650348
native;13;1;0.593444
native;13;1;0.757094
native;13;1;0.723490
native;13;1;0.686799
native;13;1;0.837717
native;13;1;0.571290
native;13;1;0.718828
native;13;1;0.676171
native;13;1;1.129963
native;13;1;0.889333
native;13;1;1.410997
native;13;1;0.780800
native;13;1;0.635579
native;13;1;0.700861
native;13;1;0.626966
native;13;1;0.569728
native;13;1;1.749589
cas;13;1;1.128760
cas;13;1;1.491292
cas;13;1;1.738111
cas;13;1;1.677485
cas;13;1;1.659060
cas;13;1;1.638457
cas;13;1;1.541650
cas;13;1;1.762560
cas;13;1;1.602343
cas;13;1;1.440402
cas;13;1;1.744980
cas;13;1;1.620007
cas;13;1;1.142785
cas;13;1;1.469596
cas;13;1;1.609855
cas;13;1;1.601686
cas;13;1;1.678589
cas;13;1;1.465666
cas;13;1;1.454646
cas;13;1;1.765488
helper_cas;13;1;1.778776
helper_cas;13;1;1.603677
helper_cas;13;1;1.234060
helper_cas;13;1;1.465795
helper_cas;13;1;1.417511
helper_cas;13;1;1.610863
helper_cas;13;1;1.612333
helper_cas;13;1;1.109077
helper_cas;13;1;1.174549
helper_cas;13;1;1.618675
helper_cas;13;1;1.638834
helper_cas;13;1;1.746182
helper_cas;13;1;1.289189
helper_cas;13;1;1.464610
helper_cas;13;1;1.468716
helper_cas;13;1;1.243813
helper_cas;13;1;1.938042
helper_cas;13;1;1.414727
helper_cas;13;1;1.627023
helper_cas;13;1;1.547711
native;13;2;0.488593
native;13;2;0.381673
native;13;2;0.381080
native;13;2;0.423555
native;13;2;0.447585
native;13;2;0.514284
native;13;2;0.385831
native;13;2;0.409593
native;13;2;0.439175
native;13;2;0.423203
native;13;2;0.420726
native;13;2;0.425186
native;13;2;0.394862
native;13;2;0.385356
native;13;2;0.404822
native;13;2;0.462275
native;13;2;0.400884
native;13;2;0.433835
native;13;2;0.564147
native;13;2;0.407063
cas;13;2;0.863901
cas;13;2;0.747668
cas;13;2;0.893739
cas;13;2;0.689894
cas;13;2;0.953288
cas;13;2;1.393529
cas;13;2;1.103516
cas;13;2;0.885280
cas;13;2;0.734122
cas;13;2;0.760763
cas;13;2;0.942925
cas;13;2;0.717800
cas;13;2;0.926466
cas;13;2;0.648040
cas;13;2;1.293178
cas;13;2;0.686755
cas;13;2;0.890894
cas;13;2;0.870903
cas;13;2;0.785675
cas;13;2;0.926715
helper_cas;13;2;0.912791
helper_cas;13;2;1.356984
helper_cas;13;2;0.955631
helper_cas;13;2;0.865983
helper_cas;13;2;1.294393
helper_cas;13;2;0.674898
helper_cas;13;2;1.597280
helper_cas;13;2;0.953582
helper_cas;13;2;0.974456
helper_cas;13;2;1.187101
helper_cas;13;2;1.928491
helper_cas;13;2;0.878270
helper_cas;13;2;1.109134
helper_cas;13;2;0.911771
helper_cas;13;2;0.846961
helper_cas;13;2;0.828448
helper_cas;13;2;1.152276
helper_cas;13;2;0.941514
helper_cas;13;2;0.614501
helper_cas;13;2;1.427950
native;13;4;0.271384
native;13;4;0.253306
native;13;4;0.282411
native;13;4;0.230044
native;13;4;0.289310
native;13;4;0.256837
native;13;4;0.256178
native;13;4;0.279083
native;13;4;0.255203
native;13;4;0.270480
native;13;4;0.299748
native;13;4;0.315534
native;13;4;0.297771
native;13;4;0.213854
native;13;4;0.256816
native;13;4;0.254924
native;13;4;0.281461
native;13;4;0.267730
native;13;4;0.316243
native;13;4;0.334189
cas;13;4;0.744722
cas;13;4;0.697898
cas;13;4;0.711671
cas;13;4;0.456502
cas;13;4;0.697381
cas;13;4;0.723434
cas;13;4;0.446785
cas;13;4;0.739322
cas;13;4;0.652995
cas;13;4;0.702227
cas;13;4;0.453253
cas;13;4;0.649234
cas;13;4;0.772969
cas;13;4;0.748103
cas;13;4;0.728210
cas;13;4;0.596413
cas;13;4;0.501318
cas;13;4;0.671575
cas;13;4;0.678903
cas;13;4;0.706604
helper_cas;13;4;0.751470
helper_cas;13;4;0.781223
helper_cas;13;4;0.772019
helper_cas;13;4;0.628165
helper_cas;13;4;0.713794
helper_cas;13;4;0.709780
helper_cas;13;4;0.622592
helper_cas;13;4;0.799680
helper_cas;13;4;0.801530
helper_cas;13;4;0.611579
helper_cas;13;4;0.770038
helper_cas;13;4;0.759207
helper_cas;13;4;0.687367
helper_cas;13;4;0.848806
helper_cas;13;4;0.737118
helper_cas;13;4;0.893415
helper_cas;13;4;0.534852
helper_cas;13;4;0.763698
helper_cas;13;4;0.764644
helper_cas;13;4;0.764023
native;14;1;0.627941
native;14;1;0.735291
native;14;1;0.620746
native;14;1;0.727769
native;14;1;0.728760
native;14;1;0.651683
native;14;1;0.861237
native;14;1;0.700586
native;14;1;0.721591
native;14;1;0.686062
native;14;1;0.646674
native;14;1;0.778311
native;14;1;0.699727
native;14;1;0.845651
native;14;1;1.188869
native;14;1;1.884737
native;14;1;1.792654
native;14;1;0.848969
native;14;1;0.741491
native;14;1;0.850382
cas;14;1;1.802677
cas;14;1;1.380000
cas;14;1;1.159409
cas;14;1;1.137159
cas;14;1;1.780336
cas;14;1;1.494513
cas;14;1;1.722654
cas;14;1;1.868327
cas;14;1;1.577165
cas;14;1;1.377156
cas;14;1;1.435725
cas;14;1;1.327597
cas;14;1;1.165684
cas;14;1;1.633347
cas;14;1;1.524162
cas;14;1;1.815520
cas;14;1;1.836947
cas;14;1;1.680566
cas;14;1;1.433600
cas;14;1;1.498906
helper_cas;14;1;1.317176
helper_cas;14;1;1.634889
helper_cas;14;1;1.779666
helper_cas;14;1;1.604683
helper_cas;14;1;2.225743
helper_cas;14;1;1.798980
helper_cas;14;1;1.487274
helper_cas;14;1;1.791814
helper_cas;14;1;1.553767
helper_cas;14;1;1.260688
helper_cas;14;1;1.157686
helper_cas;14;1;1.207759
helper_cas;14;1;1.637370
helper_cas;14;1;1.505034
helper_cas;14;1;1.503636
helper_cas;14;1;1.749847
helper_cas;14;1;1.119681
helper_cas;14;1;1.184183
helper_cas;14;1;1.740908
helper_cas;14;1;1.853345
native;14;2;0.411825
native;14;2;0.659860
native;14;2;0.812352
native;14;2;0.687940
native;14;2;0.434729
native;14;2;0.413184
native;14;2;0.526595
native;14;2;0.654111
native;14;2;0.472266
native;14;2;0.502985
native;14;2;0.469430
native;14;2;0.406642
native;14;2;0.725760
native;14;2;0.467523
native;14;2;0.422132
native;14;2;0.436874
native;14;2;0.803489
native;14;2;0.582069
native;14;2;0.465465
native;14;2;0.772816
cas;14;2;0.934356
cas;14;2;0.999191
cas;14;2;0.646285
cas;14;2;0.917368
cas;14;2;1.196124
cas;14;2;1.481087
cas;14;2;1.779536
cas;14;2;0.956527
cas;14;2;0.909278
cas;14;2;0.950652
cas;14;2;1.763466
cas;14;2;1.170164
cas;14;2;0.929992
cas;14;2;1.908330
cas;14;2;0.980679
cas;14;2;0.837505
cas;14;2;0.943387
cas;14;2;0.837601
cas;14;2;0.946973
cas;14;2;0.936121
helper_cas;14;2;0.879770
helper_cas;14;2;1.299353
helper_cas;14;2;1.625041
helper_cas;14;2;1.126491
helper_cas;14;2;0.688372
helper_cas;14;2;0.938497
helper_cas;14;2;1.239023
helper_cas;14;2;0.742408
helper_cas;14;2;0.695629
helper_cas;14;2;0.940433
helper_cas;14;2;0.928048
helper_cas;14;2;1.933065
helper_cas;14;2;1.903584
helper_cas;14;2;0.993858
helper_cas;14;2;0.872249
helper_cas;14;2;0.958887
helper_cas;14;2;1.112826
helper_cas;14;2;1.112633
helper_cas;14;2;0.860548
helper_cas;14;2;1.118888
native;14;4;0.306166
native;14;4;0.267845
native;14;4;0.275722
native;14;4;0.280187
native;14;4;0.279104
native;14;4;0.270564
native;14;4;0.299203
native;14;4;0.291718
native;14;4;0.287469
native;14;4;0.259782
native;14;4;0.241253
native;14;4;0.303522
native;14;4;0.302557
native;14;4;0.330111
native;14;4;0.295768
native;14;4;0.348486
native;14;4;0.296140
native;14;4;0.307340
native;14;4;0.305684
native;14;4;0.250993
cas;14;4;0.745173
cas;14;4;0.721118
cas;14;4;0.748426
cas;14;4;0.670995
cas;14;4;0.703874
cas;14;4;0.694790
cas;14;4;0.732133
cas;14;4;0.655412
cas;14;4;0.766420
cas;14;4;0.708259
cas;14;4;0.487798
cas;14;4;0.793010
cas;14;4;0.484301
cas;14;4;0.755838
cas;14;4;0.692530
cas;14;4;0.691270
cas;14;4;0.674841
cas;14;4;0.678454
cas;14;4;0.692551
cas;14;4;0.742708
helper_cas;14;4;0.776064
helper_cas;14;4;0.562710
helper_cas;14;4;0.792417
helper_cas;14;4;0.776896
helper_cas;14;4;0.841803
helper_cas;14;4;0.781021
helper_cas;14;4;0.896313
helper_cas;14;4;0.820637
helper_cas;14;4;0.785113
helper_cas;14;4;0.570372
helper_cas;14;4;0.585875
helper_cas;14;4;0.864104
helper_cas;14;4;0.543772
helper_cas;14;4;0.767129
helper_cas;14;4;0.744667
helper_cas;14;4;0.800692
helper_cas;14;4;0.846679
helper_cas;14;4;0.807385
helper_cas;14;4;0.869908
helper_cas;14;4;0.882489
native;15;1;0.745657
native;15;1;0.844300
native;15;1;0.731571
native;15;1;0.694856
native;15;1;0.791411
native;15;1;1.232958
native;15;1;0.985736
native;15;1;1.361483
native;15;1;1.443568
native;15;1;0.703182
native;15;1;0.707768
native;15;1;1.215169
native;15;1;0.675337
native;15;1;0.775041
native;15;1;0.775065
native;15;1;0.793559
native;15;1;0.777198
native;15;1;1.996841
native;15;1;1.345797
native;15;1;0.701576
cas;15;1;1.426074
cas;15;1;1.738400
cas;15;1;1.875785
cas;15;1;1.872163
cas;15;1;1.882956
cas;15;1;1.729704
cas;15;1;1.721846
cas;15;1;1.760509
cas;15;1;1.515484
cas;15;1;1.193708
cas;15;1;1.881424
cas;15;1;1.738232
cas;15;1;1.835512
cas;15;1;1.957214
cas;15;1;1.670650
cas;15;1;1.674671
cas;15;1;1.849642
cas;15;1;1.718827
cas;15;1;1.859973
cas;15;1;1.209361
helper_cas;15;1;1.938054
helper_cas;15;1;1.744532
helper_cas;15;1;1.827056
helper_cas;15;1;1.690038
helper_cas;15;1;1.868622
helper_cas;15;1;1.277746
helper_cas;15;1;1.641612
helper_cas;15;1;1.904372
helper_cas;15;1;1.116896
helper_cas;15;1;1.699293
helper_cas;15;1;1.449893
helper_cas;15;1;1.637550
helper_cas;15;1;1.824779
helper_cas;15;1;1.959661
helper_cas;15;1;1.882374
helper_cas;15;1;1.245151
helper_cas;15;1;1.641105
helper_cas;15;1;1.612706
helper_cas;15;1;1.836768
helper_cas;15;1;2.279871
native;15;2;0.430961
native;15;2;0.459486
native;15;2;0.494464
native;15;2;0.446252
native;15;2;0.468536
native;15;2;0.523372
native;15;2;0.453415
native;15;2;0.628167
native;15;2;0.677870
native;15;2;0.517835
native;15;2;0.589206
native;15;2;0.458544
native;15;2;0.431332
native;15;2;0.595558
native;15;2;0.425294
native;15;2;0.475442
native;15;2;0.478362
native;15;2;0.493642
native;15;2;0.563367
native;15;2;0.529186
cas;15;2;0.825228
cas;15;2;1.216423
cas;15;2;1.176491
cas;15;2;1.365837
cas;15;2;1.100799
cas;15;2;1.449554
cas;15;2;1.437103
cas;15;2;0.981398
cas;15;2;1.204494
cas;15;2;1.216800
cas;15;2;0.932372
cas;15;2;1.110958
cas;15;2;1.643097
cas;15;2;0.938533
cas;15;2;1.127258
cas;15;2;1.277534
cas;15;2;1.554903
cas;15;2;1.773419
cas;15;2;1.136494
cas;15;2;1.118437
helper_cas;15;2;1.211254
helper_cas;15;2;1.909540
helper_cas;15;2;0.966793
helper_cas;15;2;1.166448
helper_cas;15;2;1.135917
helper_cas;15;2;1.699061
helper_cas;15;2;1.235281
helper_cas;15;2;1.726164
helper_cas;15;2;0.773002
helper_cas;15;2;0.941828
helper_cas;15;2;0.711510
helper_cas;15;2;0.928265
helper_cas;15;2;1.148048
helper_cas;15;2;0.762386
helper_cas;15;2;0.673754
helper_cas;15;2;0.914360
helper_cas;15;2;1.169999
helper_cas;15;2;0.976776
helper_cas;15;2;1.183639
helper_cas;15;2;1.490561
native;15;4;0.327171
native;15;4;0.340094
native;15;4;0.328130
native;15;4;0.297358
native;15;4;0.310916
native;15;4;0.294944
native;15;4;0.284649
native;15;4;0.267564
native;15;4;0.248204
native;15;4;0.283003
native;15;4;0.232905
native;15;4;0.283634
native;15;4;0.244142
native;15;4;0.297168
native;15;4;0.304272
native;15;4;0.283023
native;15;4;0.307602
native;15;4;0.306522
native;15;4;0.288363
native;15;4;0.346329
cas;15;4;0.719112
cas;15;4;0.724510
cas;15;4;0.701628
cas;15;4;0.688781
cas;15;4;0.719248
cas;15;4;0.832112
cas;15;4;0.519024
cas;15;4;0.710045
cas;15;4;0.692449
cas;15;4;0.521517
cas;15;4;0.764107
cas;15;4;0.752627
cas;15;4;0.666531
cas;15;4;0.673575
cas;15;4;0.827491
cas;15;4;0.734800
cas;15;4;0.733906
cas;15;4;0.741011
cas;15;4;0.525070
cas;15;4;0.746881
helper_cas;15;4;0.759861
helper_cas;15;4;0.808935
helper_cas;15;4;0.780592
helper_cas;15;4;0.708000
helper_cas;15;4;0.822991
helper_cas;15;4;0.873539
helper_cas;15;4;0.828578
helper_cas;15;4;0.782687
helper_cas;15;4;0.590346
helper_cas;15;4;0.786776
helper_cas;15;4;0.854856
helper_cas;15;4;0.731290
helper_cas;15;4;0.598475
helper_cas;15;4;0.863231
helper_cas;15;4;0.863284
helper_cas;15;4;0.831624
helper_cas;15;4;0.856157
helper_cas;15;4;0.761227
helper_cas;15;4;0.795189
helper_cas;15;4;0.765649
native;16;1;0.983689
native;16;1;0.737555
native;16;1;0.952034
native;16;1;0.727854
native;16;1;0.844557
native;16;1;0.711797
native;16;1;0.740247
native;16;1;0.853808
native;16;1;0.752433
native;16;1;0.727841
native;16;1;1.292734
native;16;1;0.739712
native;16;1;0.687538
native;16;1;0.698144
native;16;1;0.842798
native;16;1;0.732396
native;16;1;0.892737
native;16;1;0.717048
native;16;1;1.451607
native;16;1;1.902536
cas;16;1;1.774643
cas;16;1;1.951647
cas;16;1;2.256824
cas;16;1;2.429724
cas;16;1;1.858061
cas;16;1;1.666238
cas;16;1;1.314246
cas;16;1;1.454703
cas;16;1;1.334061
cas;16;1;1.861055
cas;16;1;1.919074
cas;16;1;1.851135
cas;16;1;1.785434
cas;16;1;2.767746
cas;16;1;1.837511
cas;16;1;2.658435
cas;16;1;1.603715
cas;16;1;1.741697
cas;16;1;1.535461
cas;16;1;1.709744
helper_cas;16;1;1.335015
helper_cas;16;1;1.711745
helper_cas;16;1;1.703676
helper_cas;16;1;1.811933
helper_cas;16;1;1.640646
helper_cas;16;1;1.865188
helper_cas;16;1;1.714178
helper_cas;16;1;1.769042
helper_cas;16;1;2.182796
helper_cas;16;1;2.120517
helper_cas;16;1;2.901738
helper_cas;16;1;1.755946
helper_cas;16;1;1.859357
helper_cas;16;1;2.518956
helper_cas;16;1;2.409571
helper_cas;16;1;1.643615
helper_cas;16;1;1.806380
helper_cas;16;1;1.884707
helper_cas;16;1;1.594021
helper_cas;16;1;1.885343
native;16;2;0.598307
native;16;2;0.608545
native;16;2;0.521022
native;16;2;0.405119
native;16;2;0.590969
native;16;2;0.510974
native;16;2;0.544559
native;16;2;0.450189
native;16;2;0.460167
native;16;2;0.506906
native;16;2;0.424399
native;16;2;0.463510
native;16;2;0.517758
native;16;2;0.452050
native;16;2;0.493628
native;16;2;0.462867
native;16;2;0.466577
native;16;2;0.581786
native;16;2;0.435664
native;16;2;0.470942
cas;16;2;1.249189
cas;16;2;1.637121
cas;16;2;0.968631
cas;16;2;0.941782
cas;16;2;0.938375
cas;16;2;1.170130
cas;16;2;1.456201
cas;16;2;0.987584
cas;16;2;0.999730
cas;16;2;1.176797
cas;16;2;0.974854
cas;16;2;1.275433
cas;16;2;1.393538
cas;16;2;1.215450
cas;16;2;1.121249
cas;16;2;0.960331
cas;16;2;1.155831
cas;16;2;1.223119
cas;16;2;1.394199
cas;16;2;1.614597
helper_cas;16;2;1.130608
helper_cas;16;2;1.207333
helper_cas;16;2;1.516967
helper_cas;16;2;1.910051
helper_cas;16;2;1.176459
helper_cas;16;2;1.203204
helper_cas;16;2;1.142780
helper_cas;16;2;1.202963
helper_cas;16;2;1.140472
helper_cas;16;2;1.121954
helper_cas;16;2;1.218874
helper_cas;16;2;0.805860
helper_cas;16;2;0.742854
helper_cas;16;2;0.768940
helper_cas;16;2;0.736924
helper_cas;16;2;1.202901
helper_cas;16;2;1.177530
helper_cas;16;2;1.302829
helper_cas;16;2;1.228317
helper_cas;16;2;1.106182
native;16;4;0.302575
native;16;4;0.305618
native;16;4;0.292299
native;16;4;0.295577
native;16;4;0.308557
native;16;4;0.285585
native;16;4;0.315084
native;16;4;0.282214
native;16;4;0.295956
native;16;4;0.306360
native;16;4;0.269686
native;16;4;0.278332
native;16;4;0.275835
native;16;4;0.284939
native;16;4;0.305478
native;16;4;0.283309
native;16;4;0.310067
native;16;4;0.293910
native;16;4;0.286481
native;16;4;0.361713
cas;16;4;0.524553
cas;16;4;0.731687
cas;16;4;0.697667
cas;16;4;0.755316
cas;16;4;0.737552
cas;16;4;0.707520
cas;16;4;0.643295
cas;16;4;0.673445
cas;16;4;0.791594
cas;16;4;0.713199
cas;16;4;0.771176
cas;16;4;0.811912
cas;16;4;0.777358
cas;16;4;0.500011
cas;16;4;0.829646
cas;16;4;0.724719
cas;16;4;0.468646
cas;16;4;0.756734
cas;16;4;0.801806
cas;16;4;0.754810
helper_cas;16;4;0.840449
helper_cas;16;4;0.776550
helper_cas;16;4;0.874908
helper_cas;16;4;0.776157
helper_cas;16;4;0.904602
helper_cas;16;4;0.796316
helper_cas;16;4;0.775393
helper_cas;16;4;0.899219
helper_cas;16;4;0.770624
helper_cas;16;4;0.734127
helper_cas;16;4;0.856488
helper_cas;16;4;0.865040
helper_cas;16;4;0.783805
helper_cas;16;4;0.775965
helper_cas;16;4;0.893014
helper_cas;16;4;0.901586
helper_cas;16;4;0.703138
helper_cas;16;4;0.841255
helper_cas;16;4;0.780073
helper_cas;16;4;0.816645
